filepath,label_name,anomaly_probability,predicted_status,alert_message
/kaggle/input/datasets/abdulmananraja/real-life-violence-situations/new_violence/violence/4594.jpg,Anomaly,0.9950664,ALERT: Violence Anomaly,Potential violence anomaly detected. Send to security operator for review.
/kaggle/input/datasets/abdulmananraja/real-life-violence-situations/new_violence/non_violence/3875.jpg,Normal,0.92029834,ALERT: Violence Anomaly,Potential violence anomaly detected. Send to security operator for review.
/kaggle/input/datasets/abdulmananraja/real-life-violence-situations/new_violence/violence/3735.jpg,Anomaly,0.7548915,ALERT: Violence Anomaly,Potential violence anomaly detected. Send to security operator for review.
/kaggle/input/datasets/abdulmananraja/real-life-violence-situations/new_violence/violence/5751.jpg,Anomaly,0.988694,ALERT: Violence Anomaly,Potential violence anomaly detected. Send to security operator for review.
/kaggle/input/datasets/abdulmananraja/real-life-violence-situations/new_violence/violence/5175.jpg,Anomaly,0.9041024,ALERT: Violence Anomaly,Potential violence anomaly detected. Send to security operator for review.
/kaggle/input/datasets/abdulmananraja/real-life-violence-situations/new_violence/violence/4052.jpg,Anomaly,0.9794937,ALERT: Violence Anomaly,Potential violence anomaly detected. Send to security operator for review.
/kaggle/input/datasets/abdulmananraja/real-life-violence-situations/new_violence/violence/208.jpg,Anomaly,0.8833993,ALERT: Violence Anomaly,Potential violence anomaly detected. Send to security operator for review.
/kaggle/input/datasets/abdulmananraja/real-life-violence-situations/new_violence/violence/4147.jpg,Anomaly,0.8790151,ALERT: Violence Anomaly,Potential violence anomaly detected. Send to security operator for review.
/kaggle/input/datasets/abdulmananraja/real-life-violence-situations/new_violence/non_violence/545.jpg,Normal,0.6346702,ALERT: Violence Anomaly,Potential violence anomaly detected. Send to security operator for review.
/kaggle/input/datasets/abdulmananraja/real-life-violence-situations/new_violence/non_violence/438.jpg,Normal,0.659082,ALERT: Violence Anomaly,Potential violence anomaly detected. Send to security operator for review.
/kaggle/input/datasets/abdulmananraja/real-life-violence-situations/new_violence/violence/813.jpg,Anomaly,0.9970469,ALERT: Violence Anomaly,Potential violence anomaly detected. Send to security operator for review.
/kaggle/input/datasets/abdulmananraja/real-life-violence-situations/new_violence/violence/1617.jpg,Anomaly,0.99647695,ALERT: Violence Anomaly,Potential violence anomaly detected. Send to security operator for review.
/kaggle/input/datasets/abdulmananraja/real-life-violence-situations/new_violence/violence/4906.jpg,Anomaly,0.993327,ALERT: Violence Anomaly,Potential violence anomaly detected. Send to security operator for review.
/kaggle/input/datasets/abdulmananraja/real-life-violence-situations/new_violence/violence/4127.jpg,Anomaly,0.9993932,ALERT: Violence Anomaly,Potential violence anomaly detected. Send to security operator for review.
/kaggle/input/datasets/abdulmananraja/real-life-violence-situations/new_violence/violence/3774.jpg,Anomaly,0.98559266,ALERT: Violence Anomaly,Potential violence anomaly detected. Send to security operator for review.
/kaggle/input/datasets/abdulmananraja/real-life-violence-situations/new_violence/violence/819.jpg,Anomaly,0.9804049,ALERT: Violence Anomaly,Potential violence anomaly detected. Send to security operator for review.
/kaggle/input/datasets/abdulmananraja/real-life-violence-situations/new_violence/violence/341.jpg,Anomaly,0.9999559,ALERT: Violence Anomaly,Potential violence anomaly detected. Send to security operator for review.
/kaggle/input/datasets/abdulmananraja/real-life-violence-situations/new_violence/violence/3430.jpg,Anomaly,0.97056913,ALERT: Violence Anomaly,Potential violence anomaly detected. Send to security operator for review.
/kaggle/input/datasets/abdulmananraja/real-life-violence-situations/new_violence/violence/4971.jpg,Anomaly,0.95128465,ALERT: Violence Anomaly,Potential violence anomaly detected. Send to security operator for review.
/kaggle/input/datasets/abdulmananraja/real-life-violence-situations/new_violence/violence/1390.jpg,Anomaly,0.99851304,ALERT: Violence Anomaly,Potential violence anomaly detected. Send to security operator for review.
/kaggle/input/datasets/abdulmananraja/real-life-violence-situations/new_violence/violence/4590.jpg,Anomaly,0.9586831,ALERT: Violence Anomaly,Potential violence anomaly detected. Send to security operator for review.
/kaggle/input/datasets/abdulmananraja/real-life-violence-situations/new_violence/violence/3564.jpg,Anomaly,0.99975055,ALERT: Violence Anomaly,Potential violence anomaly detected. Send to security operator for review.
/kaggle/input/datasets/abdulmananraja/real-life-violence-situations/new_violence/violence/734.jpg,Anomaly,0.9609291,ALERT: Violence Anomaly,Potential violence anomaly detected. Send to security operator for review.
/kaggle/input/datasets/abdulmananraja/real-life-violence-situations/new_violence/violence/686.jpg,Anomaly,0.99100167,ALERT: Violence Anomaly,Potential violence anomaly detected. Send to security operator for review.
/kaggle/input/datasets/abdulmananraja/real-life-violence-situations/new_violence/violence/4254.jpg,Anomaly,0.99130416,ALERT: Violence Anomaly,Potential violence anomaly detected. Send to security operator for review.
/kaggle/input/datasets/abdulmananraja/real-life-violence-situations/new_violence/violence/5652.jpg,Anomaly,0.97750425,ALERT: Violence Anomaly,Potential violence anomaly detected. Send to security operator for review.
/kaggle/input/datasets/abdulmananraja/real-life-violence-situations/new_violence/violence/1110.jpg,Anomaly,0.9308209,ALERT: Violence Anomaly,Potential violence anomaly detected. Send to security operator for review.
/kaggle/input/datasets/abdulmananraja/real-life-violence-situations/new_violence/violence/4204.jpg,Anomaly,0.88422024,ALERT: Violence Anomaly,Potential violence anomaly detected. Send to security operator for review.
/kaggle/input/datasets/abdulmananraja/real-life-violence-situations/new_violence/violence/335.jpg,Anomaly,0.9889908,ALERT: Violence Anomaly,Potential violence anomaly detected. Send to security operator for review.
/kaggle/input/datasets/abdulmananraja/real-life-violence-situations/new_violence/violence/3053.jpg,Anomaly,0.9087078,ALERT: Violence Anomaly,Potential violence anomaly detected. Send to security operator for review.
/kaggle/input/datasets/abdulmananraja/real-life-violence-situations/new_violence/violence/4630.jpg,Anomaly,0.96750456,ALERT: Violence Anomaly,Potential violence anomaly detected. Send to security operator for review.
/kaggle/input/datasets/abdulmananraja/real-life-violence-situations/new_violence/violence/2914.jpg,Anomaly,0.85435104,ALERT: Violence Anomaly,Potential violence anomaly detected. Send to security operator for review.
/kaggle/input/datasets/abdulmananraja/real-life-violence-situations/new_violence/violence/1048.jpg,Anomaly,0.7583037,ALERT: Violence Anomaly,Potential violence anomaly detected. Send to security operator for review.
/kaggle/input/datasets/abdulmananraja/real-life-violence-situations/new_violence/violence/4732.jpg,Anomaly,0.9594818,ALERT: Violence Anomaly,Potential violence anomaly detected. Send to security operator for review.
/kaggle/input/datasets/abdulmananraja/real-life-violence-situations/new_violence/violence/1681.jpg,Anomaly,0.99901843,ALERT: Violence Anomaly,Potential violence anomaly detected. Send to security operator for review.
/kaggle/input/datasets/abdulmananraja/real-life-violence-situations/new_violence/violence/288.jpg,Anomaly,0.978975,ALERT: Violence Anomaly,Potential violence anomaly detected. Send to security operator for review.
/kaggle/input/datasets/abdulmananraja/real-life-violence-situations/new_violence/violence/2877.jpg,Anomaly,0.68023115,ALERT: Violence Anomaly,Potential violence anomaly detected. Send to security operator for review.
/kaggle/input/datasets/abdulmananraja/real-life-violence-situations/new_violence/violence/3575.jpg,Anomaly,0.9957906,ALERT: Violence Anomaly,Potential violence anomaly detected. Send to security operator for review.
/kaggle/input/datasets/abdulmananraja/real-life-violence-situations/new_violence/violence/2304.jpg,Anomaly,0.9102442,ALERT: Violence Anomaly,Potential violence anomaly detected. Send to security operator for review.
/kaggle/input/datasets/abdulmananraja/real-life-violence-situations/new_violence/violence/1943.jpg,Anomaly,0.98692346,ALERT: Violence Anomaly,Potential violence anomaly detected. Send to security operator for review.
/kaggle/input/datasets/abdulmananraja/real-life-violence-situations/new_violence/violence/3069.jpg,Anomaly,0.5928827,ALERT: Violence Anomaly,Potential violence anomaly detected. Send to security operator for review.
/kaggle/input/datasets/abdulmananraja/real-life-violence-situations/new_violence/violence/5659.jpg,Anomaly,0.9836305,ALERT: Violence Anomaly,Potential violence anomaly detected. Send to security operator for review.
/kaggle/input/datasets/abdulmananraja/real-life-violence-situations/new_violence/violence/2885.jpg,Anomaly,0.6656466,ALERT: Violence Anomaly,Potential violence anomaly detected. Send to security operator for review.
/kaggle/input/datasets/abdulmananraja/real-life-violence-situations/new_violence/violence/2413.jpg,Anomaly,0.996437,ALERT: Violence Anomaly,Potential violence anomaly detected. Send to security operator for review.
/kaggle/input/datasets/abdulmananraja/real-life-violence-situations/new_violence/violence/4321.jpg,Anomaly,0.99435514,ALERT: Violence Anomaly,Potential violence anomaly detected. Send to security operator for review.
/kaggle/input/datasets/abdulmananraja/real-life-violence-situations/new_violence/violence/3532.jpg,Anomaly,0.9968003,ALERT: Violence Anomaly,Potential violence anomaly detected. Send to security operator for review.
/kaggle/input/datasets/abdulmananraja/real-life-violence-situations/new_violence/violence/298.jpg,Anomaly,0.9940508,ALERT: Violence Anomaly,Potential violence anomaly detected. Send to security operator for review.
/kaggle/input/datasets/abdulmananraja/real-life-violence-situations/new_violence/violence/374.jpg,Anomaly,0.99429095,ALERT: Violence Anomaly,Potential violence anomaly detected. Send to security operator for review.
/kaggle/input/datasets/abdulmananraja/real-life-violence-situations/new_violence/violence/165.jpg,Anomaly,0.99037224,ALERT: Violence Anomaly,Potential violence anomaly detected. Send to security operator for review.
/kaggle/input/datasets/abdulmananraja/real-life-violence-situations/new_violence/non_violence/3628.jpg,Normal,0.6533994,ALERT: Violence Anomaly,Potential violence anomaly detected. Send to security operator for review.
/kaggle/input/datasets/abdulmananraja/real-life-violence-situations/new_violence/violence/2247.jpg,Anomaly,0.772836,ALERT: Violence Anomaly,Potential violence anomaly detected. Send to security operator for review.
/kaggle/input/datasets/abdulmananraja/real-life-violence-situations/new_violence/violence/3797.jpg,Anomaly,0.98558444,ALERT: Violence Anomaly,Potential violence anomaly detected. Send to security operator for review.
/kaggle/input/datasets/abdulmananraja/real-life-violence-situations/new_violence/violence/3316.jpg,Anomaly,0.98002166,ALERT: Violence Anomaly,Potential violence anomaly detected. Send to security operator for review.
/kaggle/input/datasets/abdulmananraja/real-life-violence-situations/new_violence/violence/2601.jpg,Anomaly,0.9980375,ALERT: Violence Anomaly,Potential violence anomaly detected. Send to security operator for review.
/kaggle/input/datasets/abdulmananraja/real-life-violence-situations/new_violence/violence/472.jpg,Anomaly,0.9995104,ALERT: Violence Anomaly,Potential violence anomaly detected. Send to security operator for review.
/kaggle/input/datasets/abdulmananraja/real-life-violence-situations/new_violence/violence/2757.jpg,Anomaly,0.999208,ALERT: Violence Anomaly,Potential violence anomaly detected. Send to security operator for review.
/kaggle/input/datasets/abdulmananraja/real-life-violence-situations/new_violence/violence/5633.jpg,Anomaly,0.95744157,ALERT: Violence Anomaly,Potential violence anomaly detected. Send to security operator for review.
/kaggle/input/datasets/abdulmananraja/real-life-violence-situations/new_violence/violence/3697.jpg,Anomaly,0.85670274,ALERT: Violence Anomaly,Potential violence anomaly detected. Send to security operator for review.
/kaggle/input/datasets/abdulmananraja/real-life-violence-situations/new_violence/violence/3218.jpg,Anomaly,0.79716456,ALERT: Violence Anomaly,Potential violence anomaly detected. Send to security operator for review.
/kaggle/input/datasets/abdulmananraja/real-life-violence-situations/new_violence/violence/5270.jpg,Anomaly,0.9777976,ALERT: Violence Anomaly,Potential violence anomaly detected. Send to security operator for review.
/kaggle/input/datasets/abdulmananraja/real-life-violence-situations/new_violence/violence/3315.jpg,Anomaly,0.9493667,ALERT: Violence Anomaly,Potential violence anomaly detected. Send to security operator for review.
/kaggle/input/datasets/abdulmananraja/real-life-violence-situations/new_violence/violence/1455.jpg,Anomaly,0.98224884,ALERT: Violence Anomaly,Potential violence anomaly detected. Send to security operator for review.
/kaggle/input/datasets/abdulmananraja/real-life-violence-situations/new_violence/violence/2133.jpg,Anomaly,0.9357429,ALERT: Violence Anomaly,Potential violence anomaly detected. Send to security operator for review.
/kaggle/input/datasets/abdulmananraja/real-life-violence-situations/new_violence/violence/4346.jpg,Anomaly,0.9824682,ALERT: Violence Anomaly,Potential violence anomaly detected. Send to security operator for review.
/kaggle/input/datasets/abdulmananraja/real-life-violence-situations/new_violence/violence/3028.jpg,Anomaly,0.9958431,ALERT: Violence Anomaly,Potential violence anomaly detected. Send to security operator for review.
/kaggle/input/datasets/abdulmananraja/real-life-violence-situations/new_violence/violence/2541.jpg,Anomaly,0.8733454,ALERT: Violence Anomaly,Potential violence anomaly detected. Send to security operator for review.
/kaggle/input/datasets/abdulmananraja/real-life-violence-situations/new_violence/violence/5350.jpg,Anomaly,0.9973221,ALERT: Violence Anomaly,Potential violence anomaly detected. Send to security operator for review.
/kaggle/input/datasets/abdulmananraja/real-life-violence-situations/new_violence/violence/3423.jpg,Anomaly,0.99772555,ALERT: Violence Anomaly,Potential violence anomaly detected. Send to security operator for review.
/kaggle/input/datasets/abdulmananraja/real-life-violence-situations/new_violence/violence/585.jpg,Anomaly,0.9943668,ALERT: Violence Anomaly,Potential violence anomaly detected. Send to security operator for review.
/kaggle/input/datasets/abdulmananraja/real-life-violence-situations/new_violence/violence/5552.jpg,Anomaly,0.8455795,ALERT: Violence Anomaly,Potential violence anomaly detected. Send to security operator for review.
/kaggle/input/datasets/abdulmananraja/real-life-violence-situations/new_violence/violence/708.jpg,Anomaly,0.999728,ALERT: Violence Anomaly,Potential violence anomaly detected. Send to security operator for review.
/kaggle/input/datasets/abdulmananraja/real-life-violence-situations/new_violence/violence/2518.jpg,Anomaly,0.97165424,ALERT: Violence Anomaly,Potential violence anomaly detected. Send to security operator for review.
/kaggle/input/datasets/abdulmananraja/real-life-violence-situations/new_violence/violence/3940.jpg,Anomaly,0.85061485,ALERT: Violence Anomaly,Potential violence anomaly detected. Send to security operator for review.
/kaggle/input/datasets/abdulmananraja/real-life-violence-situations/new_violence/violence/1372.jpg,Anomaly,0.9734455,ALERT: Violence Anomaly,Potential violence anomaly detected. Send to security operator for review.
/kaggle/input/datasets/abdulmananraja/real-life-violence-situations/new_violence/violence/3844.jpg,Anomaly,0.95942724,ALERT: Violence Anomaly,Potential violence anomaly detected. Send to security operator for review.
/kaggle/input/datasets/abdulmananraja/real-life-violence-situations/new_violence/violence/3234.jpg,Anomaly,0.9775646,ALERT: Violence Anomaly,Potential violence anomaly detected. Send to security operator for review.
/kaggle/input/datasets/abdulmananraja/real-life-violence-situations/new_violence/violence/3873.jpg,Anomaly,0.99874157,ALERT: Violence Anomaly,Potential violence anomaly detected. Send to security operator for review.
/kaggle/input/datasets/abdulmananraja/real-life-violence-situations/new_violence/non_violence/3031.jpg,Normal,0.6742949,ALERT: Violence Anomaly,Potential violence anomaly detected. Send to security operator for review.
/kaggle/input/datasets/abdulmananraja/real-life-violence-situations/new_violence/violence/3378.jpg,Anomaly,0.9874106,ALERT: Violence Anomaly,Potential violence anomaly detected. Send to security operator for review.
/kaggle/input/datasets/abdulmananraja/real-life-violence-situations/new_violence/violence/4368.jpg,Anomaly,0.8577846,ALERT: Violence Anomaly,Potential violence anomaly detected. Send to security operator for review.
/kaggle/input/datasets/abdulmananraja/real-life-violence-situations/new_violence/violence/2307.jpg,Anomaly,0.9635576,ALERT: Violence Anomaly,Potential violence anomaly detected. Send to security operator for review.
/kaggle/input/datasets/abdulmananraja/real-life-violence-situations/new_violence/violence/5716.jpg,Anomaly,0.8947465,ALERT: Violence Anomaly,Potential violence anomaly detected. Send to security operator for review.
/kaggle/input/datasets/abdulmananraja/real-life-violence-situations/new_violence/non_violence/3252.jpg,Normal,0.95100224,ALERT: Violence Anomaly,Potential violence anomaly detected. Send to security operator for review.
/kaggle/input/datasets/abdulmananraja/real-life-violence-situations/new_violence/violence/5499.jpg,Anomaly,0.7929464,ALERT: Violence Anomaly,Potential violence anomaly detected. Send to security operator for review.
/kaggle/input/datasets/abdulmananraja/real-life-violence-situations/new_violence/violence/4411.jpg,Anomaly,0.99476093,ALERT: Violence Anomaly,Potential violence anomaly detected. Send to security operator for review.
/kaggle/input/datasets/abdulmananraja/real-life-violence-situations/new_violence/violence/2126.jpg,Anomaly,0.96460176,ALERT: Violence Anomaly,Potential violence anomaly detected. Send to security operator for review.
/kaggle/input/datasets/abdulmananraja/real-life-violence-situations/new_violence/non_violence/2424.jpg,Normal,0.87363863,ALERT: Violence Anomaly,Potential violence anomaly detected. Send to security operator for review.
/kaggle/input/datasets/abdulmananraja/real-life-violence-situations/new_violence/violence/3542.jpg,Anomaly,0.97917646,ALERT: Violence Anomaly,Potential violence anomaly detected. Send to security operator for review.
/kaggle/input/datasets/abdulmananraja/real-life-violence-situations/new_violence/violence/992.jpg,Anomaly,0.9943216,ALERT: Violence Anomaly,Potential violence anomaly detected. Send to security operator for review.
/kaggle/input/datasets/abdulmananraja/real-life-violence-situations/new_violence/violence/563.jpg,Anomaly,0.99871135,ALERT: Violence Anomaly,Potential violence anomaly detected. Send to security operator for review.
/kaggle/input/datasets/abdulmananraja/real-life-violence-situations/new_violence/violence/4240.jpg,Anomaly,0.9767644,ALERT: Violence Anomaly,Potential violence anomaly detected. Send to security operator for review.
/kaggle/input/datasets/abdulmananraja/real-life-violence-situations/new_violence/violence/2691.jpg,Anomaly,0.9396501,ALERT: Violence Anomaly,Potential violence anomaly detected. Send to security operator for review.
/kaggle/input/datasets/abdulmananraja/real-life-violence-situations/new_violence/violence/1319.jpg,Anomaly,0.98405796,ALERT: Violence Anomaly,Potential violence anomaly detected. Send to security operator for review.
/kaggle/input/datasets/abdulmananraja/real-life-violence-situations/new_violence/violence/5322.jpg,Anomaly,0.99552566,ALERT: Violence Anomaly,Potential violence anomaly detected. Send to security operator for review.
/kaggle/input/datasets/abdulmananraja/real-life-violence-situations/new_violence/violence/2349.jpg,Anomaly,0.95335007,ALERT: Violence Anomaly,Potential violence anomaly detected. Send to security operator for review.
/kaggle/input/datasets/abdulmananraja/real-life-violence-situations/new_violence/violence/4292.jpg,Anomaly,0.965865,ALERT: Violence Anomaly,Potential violence anomaly detected. Send to security operator for review.
/kaggle/input/datasets/abdulmananraja/real-life-violence-situations/new_violence/violence/11.jpg,Anomaly,0.9978975,ALERT: Violence Anomaly,Potential violence anomaly detected. Send to security operator for review.
/kaggle/input/datasets/abdulmananraja/real-life-violence-situations/new_violence/violence/1113.jpg,Anomaly,0.57082057,ALERT: Violence Anomaly,Potential violence anomaly detected. Send to security operator for review.
/kaggle/input/datasets/abdulmananraja/real-life-violence-situations/new_violence/non_violence/3161.jpg,Normal,0.83522224,ALERT: Violence Anomaly,Potential violence anomaly detected. Send to security operator for review.
/kaggle/input/datasets/abdulmananraja/real-life-violence-situations/new_violence/violence/4028.jpg,Anomaly,0.8746786,ALERT: Violence Anomaly,Potential violence anomaly detected. Send to security operator for review.
/kaggle/input/datasets/abdulmananraja/real-life-violence-situations/new_violence/violence/861.jpg,Anomaly,0.9995273,ALERT: Violence Anomaly,Potential violence anomaly detected. Send to security operator for review.
/kaggle/input/datasets/abdulmananraja/real-life-violence-situations/new_violence/violence/4099.jpg,Anomaly,0.9098575,ALERT: Violence Anomaly,Potential violence anomaly detected. Send to security operator for review.
/kaggle/input/datasets/abdulmananraja/real-life-violence-situations/new_violence/violence/3450.jpg,Anomaly,0.9839338,ALERT: Violence Anomaly,Potential violence anomaly detected. Send to security operator for review.
/kaggle/input/datasets/abdulmananraja/real-life-violence-situations/new_violence/violence/2172.jpg,Anomaly,0.82725024,ALERT: Violence Anomaly,Potential violence anomaly detected. Send to security operator for review.
/kaggle/input/datasets/abdulmananraja/real-life-violence-situations/new_violence/violence/4721.jpg,Anomaly,0.99982107,ALERT: Violence Anomaly,Potential violence anomaly detected. Send to security operator for review.
/kaggle/input/datasets/abdulmananraja/real-life-violence-situations/new_violence/violence/4354.jpg,Anomaly,0.9357173,ALERT: Violence Anomaly,Potential violence anomaly detected. Send to security operator for review.
/kaggle/input/datasets/abdulmananraja/real-life-violence-situations/new_violence/violence/779.jpg,Anomaly,0.98935556,ALERT: Violence Anomaly,Potential violence anomaly detected. Send to security operator for review.
/kaggle/input/datasets/abdulmananraja/real-life-violence-situations/new_violence/violence/460.jpg,Anomaly,0.99396884,ALERT: Violence Anomaly,Potential violence anomaly detected. Send to security operator for review.
/kaggle/input/datasets/abdulmananraja/real-life-violence-situations/new_violence/violence/840.jpg,Anomaly,0.99853694,ALERT: Violence Anomaly,Potential violence anomaly detected. Send to security operator for review.
/kaggle/input/datasets/abdulmananraja/real-life-violence-situations/new_violence/violence/969.jpg,Anomaly,0.9807444,ALERT: Violence Anomaly,Potential violence anomaly detected. Send to security operator for review.
/kaggle/input/datasets/abdulmananraja/real-life-violence-situations/new_violence/violence/3395.jpg,Anomaly,0.9921709,ALERT: Violence Anomaly,Potential violence anomaly detected. Send to security operator for review.
/kaggle/input/datasets/abdulmananraja/real-life-violence-situations/new_violence/violence/3454.jpg,Anomaly,0.9594455,ALERT: Violence Anomaly,Potential violence anomaly detected. Send to security operator for review.
/kaggle/input/datasets/abdulmananraja/real-life-violence-situations/new_violence/violence/702.jpg,Anomaly,0.995555,ALERT: Violence Anomaly,Potential violence anomaly detected. Send to security operator for review.
/kaggle/input/datasets/abdulmananraja/real-life-violence-situations/new_violence/violence/548.jpg,Anomaly,0.94517183,ALERT: Violence Anomaly,Potential violence anomaly detected. Send to security operator for review.
/kaggle/input/datasets/abdulmananraja/real-life-violence-situations/new_violence/violence/5818.jpg,Anomaly,0.99757427,ALERT: Violence Anomaly,Potential violence anomaly detected. Send to security operator for review.
/kaggle/input/datasets/abdulmananraja/real-life-violence-situations/new_violence/violence/3833.jpg,Anomaly,0.99803406,ALERT: Violence Anomaly,Potential violence anomaly detected. Send to security operator for review.
/kaggle/input/datasets/abdulmananraja/real-life-violence-situations/new_violence/violence/1484.jpg,Anomaly,0.9917745,ALERT: Violence Anomaly,Potential violence anomaly detected. Send to security operator for review.
/kaggle/input/datasets/abdulmananraja/real-life-violence-situations/new_violence/violence/2674.jpg,Anomaly,0.5017814,ALERT: Violence Anomaly,Potential violence anomaly detected. Send to security operator for review.
/kaggle/input/datasets/abdulmananraja/real-life-violence-situations/new_violence/violence/1368.jpg,Anomaly,0.98763555,ALERT: Violence Anomaly,Potential violence anomaly detected. Send to security operator for review.
/kaggle/input/datasets/abdulmananraja/real-life-violence-situations/new_violence/violence/1762.jpg,Anomaly,0.9916152,ALERT: Violence Anomaly,Potential violence anomaly detected. Send to security operator for review.
/kaggle/input/datasets/abdulmananraja/real-life-violence-situations/new_violence/violence/5673.jpg,Anomaly,0.9406032,ALERT: Violence Anomaly,Potential violence anomaly detected. Send to security operator for review.
/kaggle/input/datasets/abdulmananraja/real-life-violence-situations/new_violence/violence/3368.jpg,Anomaly,0.9570446,ALERT: Violence Anomaly,Potential violence anomaly detected. Send to security operator for review.
/kaggle/input/datasets/abdulmananraja/real-life-violence-situations/new_violence/violence/1922.jpg,Anomaly,0.9889824,ALERT: Violence Anomaly,Potential violence anomaly detected. Send to security operator for review.
/kaggle/input/datasets/abdulmananraja/real-life-violence-situations/new_violence/violence/4359.jpg,Anomaly,0.92877257,ALERT: Violence Anomaly,Potential violence anomaly detected. Send to security operator for review.
/kaggle/input/datasets/abdulmananraja/real-life-violence-situations/new_violence/violence/4758.jpg,Anomaly,0.99673885,ALERT: Violence Anomaly,Potential violence anomaly detected. Send to security operator for review.
/kaggle/input/datasets/abdulmananraja/real-life-violence-situations/new_violence/non_violence/4095.jpg,Normal,0.526521,ALERT: Violence Anomaly,Potential violence anomaly detected. Send to security operator for review.
/kaggle/input/datasets/abdulmananraja/real-life-violence-situations/new_violence/violence/2476.jpg,Anomaly,0.9747976,ALERT: Violence Anomaly,Potential violence anomaly detected. Send to security operator for review.
/kaggle/input/datasets/abdulmananraja/real-life-violence-situations/new_violence/violence/794.jpg,Anomaly,0.9995393,ALERT: Violence Anomaly,Potential violence anomaly detected. Send to security operator for review.
/kaggle/input/datasets/abdulmananraja/real-life-violence-situations/new_violence/violence/2469.jpg,Anomaly,0.9910321,ALERT: Violence Anomaly,Potential violence anomaly detected. Send to security operator for review.
/kaggle/input/datasets/abdulmananraja/real-life-violence-situations/new_violence/violence/2446.jpg,Anomaly,0.9172834,ALERT: Violence Anomaly,Potential violence anomaly detected. Send to security operator for review.
/kaggle/input/datasets/abdulmananraja/real-life-violence-situations/new_violence/violence/3801.jpg,Anomaly,0.96420085,ALERT: Violence Anomaly,Potential violence anomaly detected. Send to security operator for review.
/kaggle/input/datasets/abdulmananraja/real-life-violence-situations/new_violence/violence/1077.jpg,Anomaly,0.6104952,ALERT: Violence Anomaly,Potential violence anomaly detected. Send to security operator for review.
/kaggle/input/datasets/abdulmananraja/real-life-violence-situations/new_violence/violence/1234.jpg,Anomaly,0.96432585,ALERT: Violence Anomaly,Potential violence anomaly detected. Send to security operator for review.
/kaggle/input/datasets/abdulmananraja/real-life-violence-situations/new_violence/non_violence/4103.jpg,Normal,0.8524041,ALERT: Violence Anomaly,Potential violence anomaly detected. Send to security operator for review.
/kaggle/input/datasets/abdulmananraja/real-life-violence-situations/new_violence/violence/1655.jpg,Anomaly,0.9718322,ALERT: Violence Anomaly,Potential violence anomaly detected. Send to security operator for review.
/kaggle/input/datasets/abdulmananraja/real-life-violence-situations/new_violence/violence/3324.jpg,Anomaly,0.9998894,ALERT: Violence Anomaly,Potential violence anomaly detected. Send to security operator for review.
/kaggle/input/datasets/abdulmananraja/real-life-violence-situations/new_violence/violence/458.jpg,Anomaly,0.99161667,ALERT: Violence Anomaly,Potential violence anomaly detected. Send to security operator for review.
/kaggle/input/datasets/abdulmananraja/real-life-violence-situations/new_violence/violence/4896.jpg,Anomaly,0.9959424,ALERT: Violence Anomaly,Potential violence anomaly detected. Send to security operator for review.
/kaggle/input/datasets/abdulmananraja/real-life-violence-situations/new_violence/violence/2.jpg,Anomaly,0.9967419,ALERT: Violence Anomaly,Potential violence anomaly detected. Send to security operator for review.
/kaggle/input/datasets/abdulmananraja/real-life-violence-situations/new_violence/violence/4247.jpg,Anomaly,0.9999273,ALERT: Violence Anomaly,Potential violence anomaly detected. Send to security operator for review.
/kaggle/input/datasets/abdulmananraja/real-life-violence-situations/new_violence/violence/3714.jpg,Anomaly,0.9992249,ALERT: Violence Anomaly,Potential violence anomaly detected. Send to security operator for review.
/kaggle/input/datasets/abdulmananraja/real-life-violence-situations/new_violence/violence/2305.jpg,Anomaly,0.995184,ALERT: Violence Anomaly,Potential violence anomaly detected. Send to security operator for review.
/kaggle/input/datasets/abdulmananraja/real-life-violence-situations/new_violence/violence/5506.jpg,Anomaly,0.9933557,ALERT: Violence Anomaly,Potential violence anomaly detected. Send to security operator for review.
/kaggle/input/datasets/abdulmananraja/real-life-violence-situations/new_violence/violence/1496.jpg,Anomaly,0.9987134,ALERT: Violence Anomaly,Potential violence anomaly detected. Send to security operator for review.
/kaggle/input/datasets/abdulmananraja/real-life-violence-situations/new_violence/non_violence/2269.jpg,Normal,0.8822036,ALERT: Violence Anomaly,Potential violence anomaly detected. Send to security operator for review.
/kaggle/input/datasets/abdulmananraja/real-life-violence-situations/new_violence/violence/1231.jpg,Anomaly,0.9617971,ALERT: Violence Anomaly,Potential violence anomaly detected. Send to security operator for review.
/kaggle/input/datasets/abdulmananraja/real-life-violence-situations/new_violence/violence/3852.jpg,Anomaly,0.99573225,ALERT: Violence Anomaly,Potential violence anomaly detected. Send to security operator for review.
/kaggle/input/datasets/abdulmananraja/real-life-violence-situations/new_violence/violence/5111.jpg,Anomaly,0.99246657,ALERT: Violence Anomaly,Potential violence anomaly detected. Send to security operator for review.
/kaggle/input/datasets/abdulmananraja/real-life-violence-situations/new_violence/violence/1245.jpg,Anomaly,0.613282,ALERT: Violence Anomaly,Potential violence anomaly detected. Send to security operator for review.
/kaggle/input/datasets/abdulmananraja/real-life-violence-situations/new_violence/violence/4578.jpg,Anomaly,0.96467906,ALERT: Violence Anomaly,Potential violence anomaly detected. Send to security operator for review.
/kaggle/input/datasets/abdulmananraja/real-life-violence-situations/new_violence/violence/1370.jpg,Anomaly,0.99024093,ALERT: Violence Anomaly,Potential violence anomaly detected. Send to security operator for review.
/kaggle/input/datasets/abdulmananraja/real-life-violence-situations/new_violence/non_violence/3598.jpg,Normal,0.89849055,ALERT: Violence Anomaly,Potential violence anomaly detected. Send to security operator for review.
/kaggle/input/datasets/abdulmananraja/real-life-violence-situations/new_violence/non_violence/2434.jpg,Normal,0.8762666,ALERT: Violence Anomaly,Potential violence anomaly detected. Send to security operator for review.
/kaggle/input/datasets/abdulmananraja/real-life-violence-situations/new_violence/violence/3558.jpg,Anomaly,0.9767436,ALERT: Violence Anomaly,Potential violence anomaly detected. Send to security operator for review.
/kaggle/input/datasets/abdulmananraja/real-life-violence-situations/new_violence/violence/1014.jpg,Anomaly,0.9664578,ALERT: Violence Anomaly,Potential violence anomaly detected. Send to security operator for review.
/kaggle/input/datasets/abdulmananraja/real-life-violence-situations/new_violence/violence/4811.jpg,Anomaly,0.6965662,ALERT: Violence Anomaly,Potential violence anomaly detected. Send to security operator for review.
/kaggle/input/datasets/abdulmananraja/real-life-violence-situations/new_violence/violence/777.jpg,Anomaly,0.9997477,ALERT: Violence Anomaly,Potential violence anomaly detected. Send to security operator for review.
/kaggle/input/datasets/abdulmananraja/real-life-violence-situations/new_violence/violence/936.jpg,Anomaly,0.99878895,ALERT: Violence Anomaly,Potential violence anomaly detected. Send to security operator for review.
/kaggle/input/datasets/abdulmananraja/real-life-violence-situations/new_violence/violence/5649.jpg,Anomaly,0.9405434,ALERT: Violence Anomaly,Potential violence anomaly detected. Send to security operator for review.
/kaggle/input/datasets/abdulmananraja/real-life-violence-situations/new_violence/violence/404.jpg,Anomaly,0.9968633,ALERT: Violence Anomaly,Potential violence anomaly detected. Send to security operator for review.
/kaggle/input/datasets/abdulmananraja/real-life-violence-situations/new_violence/violence/2596.jpg,Anomaly,0.9252991,ALERT: Violence Anomaly,Potential violence anomaly detected. Send to security operator for review.
/kaggle/input/datasets/abdulmananraja/real-life-violence-situations/new_violence/violence/1912.jpg,Anomaly,0.956714,ALERT: Violence Anomaly,Potential violence anomaly detected. Send to security operator for review.
/kaggle/input/datasets/abdulmananraja/real-life-violence-situations/new_violence/violence/5006.jpg,Anomaly,0.99535483,ALERT: Violence Anomaly,Potential violence anomaly detected. Send to security operator for review.
/kaggle/input/datasets/abdulmananraja/real-life-violence-situations/new_violence/violence/3248.jpg,Anomaly,0.92110556,ALERT: Violence Anomaly,Potential violence anomaly detected. Send to security operator for review.
/kaggle/input/datasets/abdulmananraja/real-life-violence-situations/new_violence/violence/267.jpg,Anomaly,0.9995552,ALERT: Violence Anomaly,Potential violence anomaly detected. Send to security operator for review.
/kaggle/input/datasets/abdulmananraja/real-life-violence-situations/new_violence/non_violence/2127.jpg,Normal,0.55502194,ALERT: Violence Anomaly,Potential violence anomaly detected. Send to security operator for review.
/kaggle/input/datasets/abdulmananraja/real-life-violence-situations/new_violence/non_violence/1830.jpg,Normal,0.8679246,ALERT: Violence Anomaly,Potential violence anomaly detected. Send to security operator for review.
/kaggle/input/datasets/abdulmananraja/real-life-violence-situations/new_violence/violence/5440.jpg,Anomaly,0.99510527,ALERT: Violence Anomaly,Potential violence anomaly detected. Send to security operator for review.
/kaggle/input/datasets/abdulmananraja/real-life-violence-situations/new_violence/violence/3107.jpg,Anomaly,0.89761305,ALERT: Violence Anomaly,Potential violence anomaly detected. Send to security operator for review.
/kaggle/input/datasets/abdulmananraja/real-life-violence-situations/new_violence/violence/1205.jpg,Anomaly,0.9692096,ALERT: Violence Anomaly,Potential violence anomaly detected. Send to security operator for review.
/kaggle/input/datasets/abdulmananraja/real-life-violence-situations/new_violence/violence/4475.jpg,Anomaly,0.95953953,ALERT: Violence Anomaly,Potential violence anomaly detected. Send to security operator for review.
/kaggle/input/datasets/abdulmananraja/real-life-violence-situations/new_violence/violence/1359.jpg,Anomaly,0.99654526,ALERT: Violence Anomaly,Potential violence anomaly detected. Send to security operator for review.
/kaggle/input/datasets/abdulmananraja/real-life-violence-situations/new_violence/violence/4377.jpg,Anomaly,0.9868099,ALERT: Violence Anomaly,Potential violence anomaly detected. Send to security operator for review.
/kaggle/input/datasets/abdulmananraja/real-life-violence-situations/new_violence/violence/5039.jpg,Anomaly,0.9803012,ALERT: Violence Anomaly,Potential violence anomaly detected. Send to security operator for review.
/kaggle/input/datasets/abdulmananraja/real-life-violence-situations/new_violence/violence/178.jpg,Anomaly,0.99529934,ALERT: Violence Anomaly,Potential violence anomaly detected. Send to security operator for review.
/kaggle/input/datasets/abdulmananraja/real-life-violence-situations/new_violence/violence/2283.jpg,Anomaly,0.97163963,ALERT: Violence Anomaly,Potential violence anomaly detected. Send to security operator for review.
/kaggle/input/datasets/abdulmananraja/real-life-violence-situations/new_violence/violence/3435.jpg,Anomaly,0.9995335,ALERT: Violence Anomaly,Potential violence anomaly detected. Send to security operator for review.
/kaggle/input/datasets/abdulmananraja/real-life-violence-situations/new_violence/violence/2303.jpg,Anomaly,0.9437497,ALERT: Violence Anomaly,Potential violence anomaly detected. Send to security operator for review.
/kaggle/input/datasets/abdulmananraja/real-life-violence-situations/new_violence/violence/659.jpg,Anomaly,0.89064807,ALERT: Violence Anomaly,Potential violence anomaly detected. Send to security operator for review.
/kaggle/input/datasets/abdulmananraja/real-life-violence-situations/new_violence/non_violence/2393.jpg,Normal,0.71634793,ALERT: Violence Anomaly,Potential violence anomaly detected. Send to security operator for review.
/kaggle/input/datasets/abdulmananraja/real-life-violence-situations/new_violence/violence/2549.jpg,Anomaly,0.99989676,ALERT: Violence Anomaly,Potential violence anomaly detected. Send to security operator for review.
/kaggle/input/datasets/abdulmananraja/real-life-violence-situations/new_violence/violence/5574.jpg,Anomaly,0.99709874,ALERT: Violence Anomaly,Potential violence anomaly detected. Send to security operator for review.
/kaggle/input/datasets/abdulmananraja/real-life-violence-situations/new_violence/non_violence/286.jpg,Normal,0.5967906,ALERT: Violence Anomaly,Potential violence anomaly detected. Send to security operator for review.
/kaggle/input/datasets/abdulmananraja/real-life-violence-situations/new_violence/violence/4210.jpg,Anomaly,0.9646091,ALERT: Violence Anomaly,Potential violence anomaly detected. Send to security operator for review.
/kaggle/input/datasets/abdulmananraja/real-life-violence-situations/new_violence/violence/5396.jpg,Anomaly,0.8503415,ALERT: Violence Anomaly,Potential violence anomaly detected. Send to security operator for review.
/kaggle/input/datasets/abdulmananraja/real-life-violence-situations/new_violence/violence/1784.jpg,Anomaly,0.9915155,ALERT: Violence Anomaly,Potential violence anomaly detected. Send to security operator for review.
/kaggle/input/datasets/abdulmananraja/real-life-violence-situations/new_violence/violence/1687.jpg,Anomaly,0.9971974,ALERT: Violence Anomaly,Potential violence anomaly detected. Send to security operator for review.
/kaggle/input/datasets/abdulmananraja/real-life-violence-situations/new_violence/violence/3044.jpg,Anomaly,0.9195208,ALERT: Violence Anomaly,Potential violence anomaly detected. Send to security operator for review.
/kaggle/input/datasets/abdulmananraja/real-life-violence-situations/new_violence/violence/4320.jpg,Anomaly,0.997679,ALERT: Violence Anomaly,Potential violence anomaly detected. Send to security operator for review.
/kaggle/input/datasets/abdulmananraja/real-life-violence-situations/new_violence/non_violence/3113.jpg,Normal,0.85160446,ALERT: Violence Anomaly,Potential violence anomaly detected. Send to security operator for review.
/kaggle/input/datasets/abdulmananraja/real-life-violence-situations/new_violence/violence/2093.jpg,Anomaly,0.9843077,ALERT: Violence Anomaly,Potential violence anomaly detected. Send to security operator for review.
/kaggle/input/datasets/abdulmananraja/real-life-violence-situations/new_violence/violence/4108.jpg,Anomaly,0.9605124,ALERT: Violence Anomaly,Potential violence anomaly detected. Send to security operator for review.
/kaggle/input/datasets/abdulmananraja/real-life-violence-situations/new_violence/violence/33.jpg,Anomaly,0.98718107,ALERT: Violence Anomaly,Potential violence anomaly detected. Send to security operator for review.
/kaggle/input/datasets/abdulmananraja/real-life-violence-situations/new_violence/violence/3548.jpg,Anomaly,0.9918595,ALERT: Violence Anomaly,Potential violence anomaly detected. Send to security operator for review.
/kaggle/input/datasets/abdulmananraja/real-life-violence-situations/new_violence/violence/5395.jpg,Anomaly,0.8606116,ALERT: Violence Anomaly,Potential violence anomaly detected. Send to security operator for review.
/kaggle/input/datasets/abdulmananraja/real-life-violence-situations/new_violence/violence/3965.jpg,Anomaly,0.99979734,ALERT: Violence Anomaly,Potential violence anomaly detected. Send to security operator for review.
/kaggle/input/datasets/abdulmananraja/real-life-violence-situations/new_violence/violence/1745.jpg,Anomaly,0.97582906,ALERT: Violence Anomaly,Potential violence anomaly detected. Send to security operator for review.
/kaggle/input/datasets/abdulmananraja/real-life-violence-situations/new_violence/violence/4998.jpg,Anomaly,0.78196764,ALERT: Violence Anomaly,Potential violence anomaly detected. Send to security operator for review.
/kaggle/input/datasets/abdulmananraja/real-life-violence-situations/new_violence/violence/226.jpg,Anomaly,0.99916774,ALERT: Violence Anomaly,Potential violence anomaly detected. Send to security operator for review.
/kaggle/input/datasets/abdulmananraja/real-life-violence-situations/new_violence/violence/979.jpg,Anomaly,0.99156934,ALERT: Violence Anomaly,Potential violence anomaly detected. Send to security operator for review.
/kaggle/input/datasets/abdulmananraja/real-life-violence-situations/new_violence/violence/5780.jpg,Anomaly,0.98780406,ALERT: Violence Anomaly,Potential violence anomaly detected. Send to security operator for review.
/kaggle/input/datasets/abdulmananraja/real-life-violence-situations/new_violence/violence/15.jpg,Anomaly,0.9888319,ALERT: Violence Anomaly,Potential violence anomaly detected. Send to security operator for review.
/kaggle/input/datasets/abdulmananraja/real-life-violence-situations/new_violence/non_violence/4468.jpg,Normal,0.91757745,ALERT: Violence Anomaly,Potential violence anomaly detected. Send to security operator for review.
/kaggle/input/datasets/abdulmananraja/real-life-violence-situations/new_violence/violence/5451.jpg,Anomaly,0.9820139,ALERT: Violence Anomaly,Potential violence anomaly detected. Send to security operator for review.
/kaggle/input/datasets/abdulmananraja/real-life-violence-situations/new_violence/violence/622.jpg,Anomaly,0.9995122,ALERT: Violence Anomaly,Potential violence anomaly detected. Send to security operator for review.
/kaggle/input/datasets/abdulmananraja/real-life-violence-situations/new_violence/violence/2899.jpg,Anomaly,0.9502511,ALERT: Violence Anomaly,Potential violence anomaly detected. Send to security operator for review.
/kaggle/input/datasets/abdulmananraja/real-life-violence-situations/new_violence/violence/1704.jpg,Anomaly,0.9704288,ALERT: Violence Anomaly,Potential violence anomaly detected. Send to security operator for review.
/kaggle/input/datasets/abdulmananraja/real-life-violence-situations/new_violence/non_violence/2271.jpg,Normal,0.97364646,ALERT: Violence Anomaly,Potential violence anomaly detected. Send to security operator for review.
/kaggle/input/datasets/abdulmananraja/real-life-violence-situations/new_violence/violence/3899.jpg,Anomaly,0.99990416,ALERT: Violence Anomaly,Potential violence anomaly detected. Send to security operator for review.
/kaggle/input/datasets/abdulmananraja/real-life-violence-situations/new_violence/violence/859.jpg,Anomaly,0.9538305,ALERT: Violence Anomaly,Potential violence anomaly detected. Send to security operator for review.
/kaggle/input/datasets/abdulmananraja/real-life-violence-situations/new_violence/violence/3460.jpg,Anomaly,0.99839455,ALERT: Violence Anomaly,Potential violence anomaly detected. Send to security operator for review.
/kaggle/input/datasets/abdulmananraja/real-life-violence-situations/new_violence/violence/3337.jpg,Anomaly,0.9714472,ALERT: Violence Anomaly,Potential violence anomaly detected. Send to security operator for review.
/kaggle/input/datasets/abdulmananraja/real-life-violence-situations/new_violence/violence/455.jpg,Anomaly,0.9930119,ALERT: Violence Anomaly,Potential violence anomaly detected. Send to security operator for review.
/kaggle/input/datasets/abdulmananraja/real-life-violence-situations/new_violence/violence/3299.jpg,Anomaly,0.9921389,ALERT: Violence Anomaly,Potential violence anomaly detected. Send to security operator for review.
/kaggle/input/datasets/abdulmananraja/real-life-violence-situations/new_violence/violence/2196.jpg,Anomaly,0.9702784,ALERT: Violence Anomaly,Potential violence anomaly detected. Send to security operator for review.
/kaggle/input/datasets/abdulmananraja/real-life-violence-situations/new_violence/violence/5412.jpg,Anomaly,0.9519204,ALERT: Violence Anomaly,Potential violence anomaly detected. Send to security operator for review.
/kaggle/input/datasets/abdulmananraja/real-life-violence-situations/new_violence/violence/3146.jpg,Anomaly,0.9813736,ALERT: Violence Anomaly,Potential violence anomaly detected. Send to security operator for review.
/kaggle/input/datasets/abdulmananraja/real-life-violence-situations/new_violence/non_violence/4122.jpg,Normal,0.7703416,ALERT: Violence Anomaly,Potential violence anomaly detected. Send to security operator for review.
/kaggle/input/datasets/abdulmananraja/real-life-violence-situations/new_violence/violence/1127.jpg,Anomaly,0.5618666,ALERT: Violence Anomaly,Potential violence anomaly detected. Send to security operator for review.
/kaggle/input/datasets/abdulmananraja/real-life-violence-situations/new_violence/non_violence/5196.jpg,Normal,0.86799586,ALERT: Violence Anomaly,Potential violence anomaly detected. Send to security operator for review.
/kaggle/input/datasets/abdulmananraja/real-life-violence-situations/new_violence/non_violence/1590.jpg,Normal,0.60356903,ALERT: Violence Anomaly,Potential violence anomaly detected. Send to security operator for review.
/kaggle/input/datasets/abdulmananraja/real-life-violence-situations/new_violence/violence/1252.jpg,Anomaly,0.8724991,ALERT: Violence Anomaly,Potential violence anomaly detected. Send to security operator for review.
/kaggle/input/datasets/abdulmananraja/real-life-violence-situations/new_violence/violence/4461.jpg,Anomaly,0.9902468,ALERT: Violence Anomaly,Potential violence anomaly detected. Send to security operator for review.
/kaggle/input/datasets/abdulmananraja/real-life-violence-situations/new_violence/non_violence/4898.jpg,Normal,0.71376944,ALERT: Violence Anomaly,Potential violence anomaly detected. Send to security operator for review.
/kaggle/input/datasets/abdulmananraja/real-life-violence-situations/new_violence/non_violence/2817.jpg,Normal,0.63737464,ALERT: Violence Anomaly,Potential violence anomaly detected. Send to security operator for review.
/kaggle/input/datasets/abdulmananraja/real-life-violence-situations/new_violence/violence/5548.jpg,Anomaly,0.90151113,ALERT: Violence Anomaly,Potential violence anomaly detected. Send to security operator for review.
/kaggle/input/datasets/abdulmananraja/real-life-violence-situations/new_violence/violence/281.jpg,Anomaly,0.97686607,ALERT: Violence Anomaly,Potential violence anomaly detected. Send to security operator for review.
/kaggle/input/datasets/abdulmananraja/real-life-violence-situations/new_violence/violence/235.jpg,Anomaly,0.998354,ALERT: Violence Anomaly,Potential violence anomaly detected. Send to security operator for review.
/kaggle/input/datasets/abdulmananraja/real-life-violence-situations/new_violence/violence/2121.jpg,Anomaly,0.97329515,ALERT: Violence Anomaly,Potential violence anomaly detected. Send to security operator for review.
/kaggle/input/datasets/abdulmananraja/real-life-violence-situations/new_violence/violence/425.jpg,Anomaly,0.99977577,ALERT: Violence Anomaly,Potential violence anomaly detected. Send to security operator for review.
/kaggle/input/datasets/abdulmananraja/real-life-violence-situations/new_violence/violence/4738.jpg,Anomaly,0.99457324,ALERT: Violence Anomaly,Potential violence anomaly detected. Send to security operator for review.
/kaggle/input/datasets/abdulmananraja/real-life-violence-situations/new_violence/violence/1218.jpg,Anomaly,0.9790165,ALERT: Violence Anomaly,Potential violence anomaly detected. Send to security operator for review.
/kaggle/input/datasets/abdulmananraja/real-life-violence-situations/new_violence/violence/1934.jpg,Anomaly,0.87221915,ALERT: Violence Anomaly,Potential violence anomaly detected. Send to security operator for review.
/kaggle/input/datasets/abdulmananraja/real-life-violence-situations/new_violence/non_violence/309.jpg,Normal,0.68426275,ALERT: Violence Anomaly,Potential violence anomaly detected. Send to security operator for review.
/kaggle/input/datasets/abdulmananraja/real-life-violence-situations/new_violence/violence/431.jpg,Anomaly,0.98805726,ALERT: Violence Anomaly,Potential violence anomaly detected. Send to security operator for review.
/kaggle/input/datasets/abdulmananraja/real-life-violence-situations/new_violence/violence/2504.jpg,Anomaly,0.99279684,ALERT: Violence Anomaly,Potential violence anomaly detected. Send to security operator for review.
/kaggle/input/datasets/abdulmananraja/real-life-violence-situations/new_violence/non_violence/2346.jpg,Normal,0.67555404,ALERT: Violence Anomaly,Potential violence anomaly detected. Send to security operator for review.
/kaggle/input/datasets/abdulmananraja/real-life-violence-situations/new_violence/violence/3073.jpg,Anomaly,0.86928195,ALERT: Violence Anomaly,Potential violence anomaly detected. Send to security operator for review.
/kaggle/input/datasets/abdulmananraja/real-life-violence-situations/new_violence/violence/1242.jpg,Anomaly,0.66442,ALERT: Violence Anomaly,Potential violence anomaly detected. Send to security operator for review.
/kaggle/input/datasets/abdulmananraja/real-life-violence-situations/new_violence/violence/157.jpg,Anomaly,0.99992883,ALERT: Violence Anomaly,Potential violence anomaly detected. Send to security operator for review.
/kaggle/input/datasets/abdulmananraja/real-life-violence-situations/new_violence/violence/4121.jpg,Anomaly,0.8972488,ALERT: Violence Anomaly,Potential violence anomaly detected. Send to security operator for review.
/kaggle/input/datasets/abdulmananraja/real-life-violence-situations/new_violence/violence/4822.jpg,Anomaly,0.9954158,ALERT: Violence Anomaly,Potential violence anomaly detected. Send to security operator for review.
/kaggle/input/datasets/abdulmananraja/real-life-violence-situations/new_violence/violence/3736.jpg,Anomaly,0.8095212,ALERT: Violence Anomaly,Potential violence anomaly detected. Send to security operator for review.
/kaggle/input/datasets/abdulmananraja/real-life-violence-situations/new_violence/violence/2523.jpg,Anomaly,0.9356887,ALERT: Violence Anomaly,Potential violence anomaly detected. Send to security operator for review.
/kaggle/input/datasets/abdulmananraja/real-life-violence-situations/new_violence/violence/3615.jpg,Anomaly,0.9946208,ALERT: Violence Anomaly,Potential violence anomaly detected. Send to security operator for review.
/kaggle/input/datasets/abdulmananraja/real-life-violence-situations/new_violence/violence/4551.jpg,Anomaly,0.6632048,ALERT: Violence Anomaly,Potential violence anomaly detected. Send to security operator for review.
/kaggle/input/datasets/abdulmananraja/real-life-violence-situations/new_violence/violence/5526.jpg,Anomaly,0.99739265,ALERT: Violence Anomaly,Potential violence anomaly detected. Send to security operator for review.
/kaggle/input/datasets/abdulmananraja/real-life-violence-situations/new_violence/violence/3130.jpg,Anomaly,0.92686754,ALERT: Violence Anomaly,Potential violence anomaly detected. Send to security operator for review.
/kaggle/input/datasets/abdulmananraja/real-life-violence-situations/new_violence/violence/1145.jpg,Anomaly,0.79965836,ALERT: Violence Anomaly,Potential violence anomaly detected. Send to security operator for review.
/kaggle/input/datasets/abdulmananraja/real-life-violence-situations/new_violence/violence/3229.jpg,Anomaly,0.97311133,ALERT: Violence Anomaly,Potential violence anomaly detected. Send to security operator for review.
/kaggle/input/datasets/abdulmananraja/real-life-violence-situations/new_violence/violence/1227.jpg,Anomaly,0.7347101,ALERT: Violence Anomaly,Potential violence anomaly detected. Send to security operator for review.
/kaggle/input/datasets/abdulmananraja/real-life-violence-situations/new_violence/violence/5252.jpg,Anomaly,0.99135315,ALERT: Violence Anomaly,Potential violence anomaly detected. Send to security operator for review.
/kaggle/input/datasets/abdulmananraja/real-life-violence-situations/new_violence/violence/448.jpg,Anomaly,0.98343444,ALERT: Violence Anomaly,Potential violence anomaly detected. Send to security operator for review.
/kaggle/input/datasets/abdulmananraja/real-life-violence-situations/new_violence/violence/2120.jpg,Anomaly,0.9935822,ALERT: Violence Anomaly,Potential violence anomaly detected. Send to security operator for review.
/kaggle/input/datasets/abdulmananraja/real-life-violence-situations/new_violence/violence/4339.jpg,Anomaly,0.9792925,ALERT: Violence Anomaly,Potential violence anomaly detected. Send to security operator for review.
/kaggle/input/datasets/abdulmananraja/real-life-violence-situations/new_violence/violence/4241.jpg,Anomaly,0.96158206,ALERT: Violence Anomaly,Potential violence anomaly detected. Send to security operator for review.
/kaggle/input/datasets/abdulmananraja/real-life-violence-situations/new_violence/violence/2426.jpg,Anomaly,0.9671186,ALERT: Violence Anomaly,Potential violence anomaly detected. Send to security operator for review.
/kaggle/input/datasets/abdulmananraja/real-life-violence-situations/new_violence/violence/2841.jpg,Anomaly,0.70537156,ALERT: Violence Anomaly,Potential violence anomaly detected. Send to security operator for review.
/kaggle/input/datasets/abdulmananraja/real-life-violence-situations/new_violence/violence/5488.jpg,Anomaly,0.96618503,ALERT: Violence Anomaly,Potential violence anomaly detected. Send to security operator for review.
/kaggle/input/datasets/abdulmananraja/real-life-violence-situations/new_violence/violence/4044.jpg,Anomaly,0.7929056,ALERT: Violence Anomaly,Potential violence anomaly detected. Send to security operator for review.
/kaggle/input/datasets/abdulmananraja/real-life-violence-situations/new_violence/violence/3961.jpg,Anomaly,0.99910516,ALERT: Violence Anomaly,Potential violence anomaly detected. Send to security operator for review.
/kaggle/input/datasets/abdulmananraja/real-life-violence-situations/new_violence/violence/1775.jpg,Anomaly,0.99200034,ALERT: Violence Anomaly,Potential violence anomaly detected. Send to security operator for review.
/kaggle/input/datasets/abdulmananraja/real-life-violence-situations/new_violence/violence/1197.jpg,Anomaly,0.6578713,ALERT: Violence Anomaly,Potential violence anomaly detected. Send to security operator for review.
/kaggle/input/datasets/abdulmananraja/real-life-violence-situations/new_violence/violence/1489.jpg,Anomaly,0.7276196,ALERT: Violence Anomaly,Potential violence anomaly detected. Send to security operator for review.
/kaggle/input/datasets/abdulmananraja/real-life-violence-situations/new_violence/violence/3593.jpg,Anomaly,0.98413026,ALERT: Violence Anomaly,Potential violence anomaly detected. Send to security operator for review.
/kaggle/input/datasets/abdulmananraja/real-life-violence-situations/new_violence/violence/5721.jpg,Anomaly,0.9722701,ALERT: Violence Anomaly,Potential violence anomaly detected. Send to security operator for review.
/kaggle/input/datasets/abdulmananraja/real-life-violence-situations/new_violence/violence/3387.jpg,Anomaly,0.9924312,ALERT: Violence Anomaly,Potential violence anomaly detected. Send to security operator for review.
/kaggle/input/datasets/abdulmananraja/real-life-violence-situations/new_violence/violence/396.jpg,Anomaly,0.935333,ALERT: Violence Anomaly,Potential violence anomaly detected. Send to security operator for review.
/kaggle/input/datasets/abdulmananraja/real-life-violence-situations/new_violence/violence/1860.jpg,Anomaly,0.9901548,ALERT: Violence Anomaly,Potential violence anomaly detected. Send to security operator for review.
/kaggle/input/datasets/abdulmananraja/real-life-violence-situations/new_violence/violence/2843.jpg,Anomaly,0.96683806,ALERT: Violence Anomaly,Potential violence anomaly detected. Send to security operator for review.
/kaggle/input/datasets/abdulmananraja/real-life-violence-situations/new_violence/violence/2006.jpg,Anomaly,0.99616206,ALERT: Violence Anomaly,Potential violence anomaly detected. Send to security operator for review.
/kaggle/input/datasets/abdulmananraja/real-life-violence-situations/new_violence/violence/2131.jpg,Anomaly,0.96532094,ALERT: Violence Anomaly,Potential violence anomaly detected. Send to security operator for review.
/kaggle/input/datasets/abdulmananraja/real-life-violence-situations/new_violence/violence/3572.jpg,Anomaly,0.99897724,ALERT: Violence Anomaly,Potential violence anomaly detected. Send to security operator for review.
/kaggle/input/datasets/abdulmananraja/real-life-violence-situations/new_violence/violence/5591.jpg,Anomaly,0.91978514,ALERT: Violence Anomaly,Potential violence anomaly detected. Send to security operator for review.
/kaggle/input/datasets/abdulmananraja/real-life-violence-situations/new_violence/violence/1065.jpg,Anomaly,0.8441543,ALERT: Violence Anomaly,Potential violence anomaly detected. Send to security operator for review.
/kaggle/input/datasets/abdulmananraja/real-life-violence-situations/new_violence/non_violence/4268.jpg,Normal,0.9251822,ALERT: Violence Anomaly,Potential violence anomaly detected. Send to security operator for review.
/kaggle/input/datasets/abdulmananraja/real-life-violence-situations/new_violence/violence/5655.jpg,Anomaly,0.98669714,ALERT: Violence Anomaly,Potential violence anomaly detected. Send to security operator for review.
/kaggle/input/datasets/abdulmananraja/real-life-violence-situations/new_violence/violence/415.jpg,Anomaly,0.9576335,ALERT: Violence Anomaly,Potential violence anomaly detected. Send to security operator for review.
/kaggle/input/datasets/abdulmananraja/real-life-violence-situations/new_violence/violence/2793.jpg,Anomaly,0.64152396,ALERT: Violence Anomaly,Potential violence anomaly detected. Send to security operator for review.
/kaggle/input/datasets/abdulmananraja/real-life-violence-situations/new_violence/violence/2855.jpg,Anomaly,0.89357734,ALERT: Violence Anomaly,Potential violence anomaly detected. Send to security operator for review.
/kaggle/input/datasets/abdulmananraja/real-life-violence-situations/new_violence/violence/5730.jpg,Anomaly,0.99829966,ALERT: Violence Anomaly,Potential violence anomaly detected. Send to security operator for review.
/kaggle/input/datasets/abdulmananraja/real-life-violence-situations/new_violence/violence/2148.jpg,Anomaly,0.73640585,ALERT: Violence Anomaly,Potential violence anomaly detected. Send to security operator for review.
/kaggle/input/datasets/abdulmananraja/real-life-violence-situations/new_violence/violence/3754.jpg,Anomaly,0.9963768,ALERT: Violence Anomaly,Potential violence anomaly detected. Send to security operator for review.
/kaggle/input/datasets/abdulmananraja/real-life-violence-situations/new_violence/violence/5047.jpg,Anomaly,0.9960861,ALERT: Violence Anomaly,Potential violence anomaly detected. Send to security operator for review.
/kaggle/input/datasets/abdulmananraja/real-life-violence-situations/new_violence/violence/880.jpg,Anomaly,0.9919247,ALERT: Violence Anomaly,Potential violence anomaly detected. Send to security operator for review.
/kaggle/input/datasets/abdulmananraja/real-life-violence-situations/new_violence/violence/1631.jpg,Anomaly,0.95655286,ALERT: Violence Anomaly,Potential violence anomaly detected. Send to security operator for review.
/kaggle/input/datasets/abdulmananraja/real-life-violence-situations/new_violence/violence/4760.jpg,Anomaly,0.99355716,ALERT: Violence Anomaly,Potential violence anomaly detected. Send to security operator for review.
/kaggle/input/datasets/abdulmananraja/real-life-violence-situations/new_violence/violence/1380.jpg,Anomaly,0.9926785,ALERT: Violence Anomaly,Potential violence anomaly detected. Send to security operator for review.
/kaggle/input/datasets/abdulmananraja/real-life-violence-situations/new_violence/violence/5767.jpg,Anomaly,0.98768985,ALERT: Violence Anomaly,Potential violence anomaly detected. Send to security operator for review.
/kaggle/input/datasets/abdulmananraja/real-life-violence-situations/new_violence/violence/5232.jpg,Anomaly,0.99254876,ALERT: Violence Anomaly,Potential violence anomaly detected. Send to security operator for review.
/kaggle/input/datasets/abdulmananraja/real-life-violence-situations/new_violence/violence/3426.jpg,Anomaly,0.7320054,ALERT: Violence Anomaly,Potential violence anomaly detected. Send to security operator for review.
/kaggle/input/datasets/abdulmananraja/real-life-violence-situations/new_violence/non_violence/1451.jpg,Normal,0.82973784,ALERT: Violence Anomaly,Potential violence anomaly detected. Send to security operator for review.
/kaggle/input/datasets/abdulmananraja/real-life-violence-situations/new_violence/violence/5137.jpg,Anomaly,0.9260696,ALERT: Violence Anomaly,Potential violence anomaly detected. Send to security operator for review.
/kaggle/input/datasets/abdulmananraja/real-life-violence-situations/new_violence/violence/4140.jpg,Anomaly,0.9616419,ALERT: Violence Anomaly,Potential violence anomaly detected. Send to security operator for review.
/kaggle/input/datasets/abdulmananraja/real-life-violence-situations/new_violence/violence/3745.jpg,Anomaly,0.84614563,ALERT: Violence Anomaly,Potential violence anomaly detected. Send to security operator for review.
/kaggle/input/datasets/abdulmananraja/real-life-violence-situations/new_violence/violence/4743.jpg,Anomaly,0.80987436,ALERT: Violence Anomaly,Potential violence anomaly detected. Send to security operator for review.
/kaggle/input/datasets/abdulmananraja/real-life-violence-situations/new_violence/violence/4668.jpg,Anomaly,0.9978168,ALERT: Violence Anomaly,Potential violence anomaly detected. Send to security operator for review.
/kaggle/input/datasets/abdulmananraja/real-life-violence-situations/new_violence/violence/5080.jpg,Anomaly,0.99946207,ALERT: Violence Anomaly,Potential violence anomaly detected. Send to security operator for review.
/kaggle/input/datasets/abdulmananraja/real-life-violence-situations/new_violence/violence/1799.jpg,Anomaly,0.95765656,ALERT: Violence Anomaly,Potential violence anomaly detected. Send to security operator for review.
/kaggle/input/datasets/abdulmananraja/real-life-violence-situations/new_violence/violence/1221.jpg,Anomaly,0.9671339,ALERT: Violence Anomaly,Potential violence anomaly detected. Send to security operator for review.
/kaggle/input/datasets/abdulmananraja/real-life-violence-situations/new_violence/violence/3717.jpg,Anomaly,0.9839023,ALERT: Violence Anomaly,Potential violence anomaly detected. Send to security operator for review.
/kaggle/input/datasets/abdulmananraja/real-life-violence-situations/new_violence/violence/492.jpg,Anomaly,0.9973924,ALERT: Violence Anomaly,Potential violence anomaly detected. Send to security operator for review.
/kaggle/input/datasets/abdulmananraja/real-life-violence-situations/new_violence/violence/104.jpg,Anomaly,0.9943527,ALERT: Violence Anomaly,Potential violence anomaly detected. Send to security operator for review.
/kaggle/input/datasets/abdulmananraja/real-life-violence-situations/new_violence/violence/4584.jpg,Anomaly,0.9469945,ALERT: Violence Anomaly,Potential violence anomaly detected. Send to security operator for review.
/kaggle/input/datasets/abdulmananraja/real-life-violence-situations/new_violence/violence/5718.jpg,Anomaly,0.9365419,ALERT: Violence Anomaly,Potential violence anomaly detected. Send to security operator for review.
/kaggle/input/datasets/abdulmananraja/real-life-violence-situations/new_violence/violence/2493.jpg,Anomaly,0.65593857,ALERT: Violence Anomaly,Potential violence anomaly detected. Send to security operator for review.
/kaggle/input/datasets/abdulmananraja/real-life-violence-situations/new_violence/violence/5113.jpg,Anomaly,0.99385494,ALERT: Violence Anomaly,Potential violence anomaly detected. Send to security operator for review.
/kaggle/input/datasets/abdulmananraja/real-life-violence-situations/new_violence/violence/1795.jpg,Anomaly,0.95355237,ALERT: Violence Anomaly,Potential violence anomaly detected. Send to security operator for review.
/kaggle/input/datasets/abdulmananraja/real-life-violence-situations/new_violence/violence/3721.jpg,Anomaly,0.9846561,ALERT: Violence Anomaly,Potential violence anomaly detected. Send to security operator for review.
/kaggle/input/datasets/abdulmananraja/real-life-violence-situations/new_violence/violence/735.jpg,Anomaly,0.9998723,ALERT: Violence Anomaly,Potential violence anomaly detected. Send to security operator for review.
/kaggle/input/datasets/abdulmananraja/real-life-violence-situations/new_violence/violence/1852.jpg,Anomaly,0.98644024,ALERT: Violence Anomaly,Potential violence anomaly detected. Send to security operator for review.
/kaggle/input/datasets/abdulmananraja/real-life-violence-situations/new_violence/violence/2940.jpg,Anomaly,0.99538213,ALERT: Violence Anomaly,Potential violence anomaly detected. Send to security operator for review.
/kaggle/input/datasets/abdulmananraja/real-life-violence-situations/new_violence/violence/1836.jpg,Anomaly,0.98429054,ALERT: Violence Anomaly,Potential violence anomaly detected. Send to security operator for review.
/kaggle/input/datasets/abdulmananraja/real-life-violence-situations/new_violence/non_violence/1269.jpg,Normal,0.91511804,ALERT: Violence Anomaly,Potential violence anomaly detected. Send to security operator for review.
/kaggle/input/datasets/abdulmananraja/real-life-violence-situations/new_violence/violence/5439.jpg,Anomaly,0.6111214,ALERT: Violence Anomaly,Potential violence anomaly detected. Send to security operator for review.
/kaggle/input/datasets/abdulmananraja/real-life-violence-situations/new_violence/violence/5273.jpg,Anomaly,0.9996407,ALERT: Violence Anomaly,Potential violence anomaly detected. Send to security operator for review.
/kaggle/input/datasets/abdulmananraja/real-life-violence-situations/new_violence/violence/5040.jpg,Anomaly,0.977419,ALERT: Violence Anomaly,Potential violence anomaly detected. Send to security operator for review.
/kaggle/input/datasets/abdulmananraja/real-life-violence-situations/new_violence/non_violence/265.jpg,Normal,0.691185,ALERT: Violence Anomaly,Potential violence anomaly detected. Send to security operator for review.
/kaggle/input/datasets/abdulmananraja/real-life-violence-situations/new_violence/violence/2979.jpg,Anomaly,0.9945461,ALERT: Violence Anomaly,Potential violence anomaly detected. Send to security operator for review.
/kaggle/input/datasets/abdulmananraja/real-life-violence-situations/new_violence/violence/3607.jpg,Anomaly,0.99503595,ALERT: Violence Anomaly,Potential violence anomaly detected. Send to security operator for review.
/kaggle/input/datasets/abdulmananraja/real-life-violence-situations/new_violence/violence/3176.jpg,Anomaly,0.9627468,ALERT: Violence Anomaly,Potential violence anomaly detected. Send to security operator for review.
/kaggle/input/datasets/abdulmananraja/real-life-violence-situations/new_violence/violence/5128.jpg,Anomaly,0.8636011,ALERT: Violence Anomaly,Potential violence anomaly detected. Send to security operator for review.
/kaggle/input/datasets/abdulmananraja/real-life-violence-situations/new_violence/violence/285.jpg,Anomaly,0.96101516,ALERT: Violence Anomaly,Potential violence anomaly detected. Send to security operator for review.
/kaggle/input/datasets/abdulmananraja/real-life-violence-situations/new_violence/violence/4804.jpg,Anomaly,0.9935788,ALERT: Violence Anomaly,Potential violence anomaly detected. Send to security operator for review.
/kaggle/input/datasets/abdulmananraja/real-life-violence-situations/new_violence/violence/4934.jpg,Anomaly,0.98704684,ALERT: Violence Anomaly,Potential violence anomaly detected. Send to security operator for review.
/kaggle/input/datasets/abdulmananraja/real-life-violence-situations/new_violence/violence/3190.jpg,Anomaly,0.7338993,ALERT: Violence Anomaly,Potential violence anomaly detected. Send to security operator for review.
/kaggle/input/datasets/abdulmananraja/real-life-violence-situations/new_violence/violence/2099.jpg,Anomaly,0.99802965,ALERT: Violence Anomaly,Potential violence anomaly detected. Send to security operator for review.
/kaggle/input/datasets/abdulmananraja/real-life-violence-situations/new_violence/violence/4506.jpg,Anomaly,0.9568037,ALERT: Violence Anomaly,Potential violence anomaly detected. Send to security operator for review.
/kaggle/input/datasets/abdulmananraja/real-life-violence-situations/new_violence/violence/2333.jpg,Anomaly,0.9821009,ALERT: Violence Anomaly,Potential violence anomaly detected. Send to security operator for review.
/kaggle/input/datasets/abdulmananraja/real-life-violence-situations/new_violence/violence/3520.jpg,Anomaly,0.75757056,ALERT: Violence Anomaly,Potential violence anomaly detected. Send to security operator for review.
/kaggle/input/datasets/abdulmananraja/real-life-violence-situations/new_violence/violence/987.jpg,Anomaly,0.99546164,ALERT: Violence Anomaly,Potential violence anomaly detected. Send to security operator for review.
/kaggle/input/datasets/abdulmananraja/real-life-violence-situations/new_violence/violence/2923.jpg,Anomaly,0.96267056,ALERT: Violence Anomaly,Potential violence anomaly detected. Send to security operator for review.
/kaggle/input/datasets/abdulmananraja/real-life-violence-situations/new_violence/violence/3019.jpg,Anomaly,0.64146644,ALERT: Violence Anomaly,Potential violence anomaly detected. Send to security operator for review.
/kaggle/input/datasets/abdulmananraja/real-life-violence-situations/new_violence/violence/4071.jpg,Anomaly,0.94091696,ALERT: Violence Anomaly,Potential violence anomaly detected. Send to security operator for review.
/kaggle/input/datasets/abdulmananraja/real-life-violence-situations/new_violence/violence/3429.jpg,Anomaly,0.9937823,ALERT: Violence Anomaly,Potential violence anomaly detected. Send to security operator for review.
/kaggle/input/datasets/abdulmananraja/real-life-violence-situations/new_violence/violence/361.jpg,Anomaly,0.9998127,ALERT: Violence Anomaly,Potential violence anomaly detected. Send to security operator for review.
/kaggle/input/datasets/abdulmananraja/real-life-violence-situations/new_violence/violence/2580.jpg,Anomaly,0.9476154,ALERT: Violence Anomaly,Potential violence anomaly detected. Send to security operator for review.
/kaggle/input/datasets/abdulmananraja/real-life-violence-situations/new_violence/violence/4053.jpg,Anomaly,0.97636557,ALERT: Violence Anomaly,Potential violence anomaly detected. Send to security operator for review.
/kaggle/input/datasets/abdulmananraja/real-life-violence-situations/new_violence/violence/2959.jpg,Anomaly,0.66311646,ALERT: Violence Anomaly,Potential violence anomaly detected. Send to security operator for review.
/kaggle/input/datasets/abdulmananraja/real-life-violence-situations/new_violence/violence/887.jpg,Anomaly,0.8731888,ALERT: Violence Anomaly,Potential violence anomaly detected. Send to security operator for review.
/kaggle/input/datasets/abdulmananraja/real-life-violence-situations/new_violence/violence/1052.jpg,Anomaly,0.52192616,ALERT: Violence Anomaly,Potential violence anomaly detected. Send to security operator for review.
/kaggle/input/datasets/abdulmananraja/real-life-violence-situations/new_violence/violence/1841.jpg,Anomaly,0.9640599,ALERT: Violence Anomaly,Potential violence anomaly detected. Send to security operator for review.
/kaggle/input/datasets/abdulmananraja/real-life-violence-situations/new_violence/violence/4095.jpg,Anomaly,0.9985397,ALERT: Violence Anomaly,Potential violence anomaly detected. Send to security operator for review.
/kaggle/input/datasets/abdulmananraja/real-life-violence-situations/new_violence/violence/2089.jpg,Anomaly,0.8914105,ALERT: Violence Anomaly,Potential violence anomaly detected. Send to security operator for review.
/kaggle/input/datasets/abdulmananraja/real-life-violence-situations/new_violence/non_violence/4251.jpg,Normal,0.70986044,ALERT: Violence Anomaly,Potential violence anomaly detected. Send to security operator for review.
/kaggle/input/datasets/abdulmananraja/real-life-violence-situations/new_violence/violence/5520.jpg,Anomaly,0.8514851,ALERT: Violence Anomaly,Potential violence anomaly detected. Send to security operator for review.
/kaggle/input/datasets/abdulmananraja/real-life-violence-situations/new_violence/violence/993.jpg,Anomaly,0.8565418,ALERT: Violence Anomaly,Potential violence anomaly detected. Send to security operator for review.
/kaggle/input/datasets/abdulmananraja/real-life-violence-situations/new_violence/violence/2535.jpg,Anomaly,0.99815565,ALERT: Violence Anomaly,Potential violence anomaly detected. Send to security operator for review.
/kaggle/input/datasets/abdulmananraja/real-life-violence-situations/new_violence/violence/1996.jpg,Anomaly,0.9991763,ALERT: Violence Anomaly,Potential violence anomaly detected. Send to security operator for review.
/kaggle/input/datasets/abdulmananraja/real-life-violence-situations/new_violence/violence/1859.jpg,Anomaly,0.96869946,ALERT: Violence Anomaly,Potential violence anomaly detected. Send to security operator for review.
/kaggle/input/datasets/abdulmananraja/real-life-violence-situations/new_violence/violence/276.jpg,Anomaly,0.8775083,ALERT: Violence Anomaly,Potential violence anomaly detected. Send to security operator for review.
/kaggle/input/datasets/abdulmananraja/real-life-violence-situations/new_violence/violence/5564.jpg,Anomaly,0.9304046,ALERT: Violence Anomaly,Potential violence anomaly detected. Send to security operator for review.
/kaggle/input/datasets/abdulmananraja/real-life-violence-situations/new_violence/violence/3982.jpg,Anomaly,0.9732381,ALERT: Violence Anomaly,Potential violence anomaly detected. Send to security operator for review.
/kaggle/input/datasets/abdulmananraja/real-life-violence-situations/new_violence/violence/5173.jpg,Anomaly,0.99927706,ALERT: Violence Anomaly,Potential violence anomaly detected. Send to security operator for review.
/kaggle/input/datasets/abdulmananraja/real-life-violence-situations/new_violence/violence/1776.jpg,Anomaly,0.9984199,ALERT: Violence Anomaly,Potential violence anomaly detected. Send to security operator for review.
/kaggle/input/datasets/abdulmananraja/real-life-violence-situations/new_violence/violence/4398.jpg,Anomaly,0.9047536,ALERT: Violence Anomaly,Potential violence anomaly detected. Send to security operator for review.
/kaggle/input/datasets/abdulmananraja/real-life-violence-situations/new_violence/violence/2292.jpg,Anomaly,0.9929069,ALERT: Violence Anomaly,Potential violence anomaly detected. Send to security operator for review.
/kaggle/input/datasets/abdulmananraja/real-life-violence-situations/new_violence/violence/331.jpg,Anomaly,0.99983335,ALERT: Violence Anomaly,Potential violence anomaly detected. Send to security operator for review.
/kaggle/input/datasets/abdulmananraja/real-life-violence-situations/new_violence/violence/5563.jpg,Anomaly,0.99724126,ALERT: Violence Anomaly,Potential violence anomaly detected. Send to security operator for review.
/kaggle/input/datasets/abdulmananraja/real-life-violence-situations/new_violence/violence/2248.jpg,Anomaly,0.9811156,ALERT: Violence Anomaly,Potential violence anomaly detected. Send to security operator for review.
/kaggle/input/datasets/abdulmananraja/real-life-violence-situations/new_violence/violence/3933.jpg,Anomaly,0.9919457,ALERT: Violence Anomaly,Potential violence anomaly detected. Send to security operator for review.
/kaggle/input/datasets/abdulmananraja/real-life-violence-situations/new_violence/violence/517.jpg,Anomaly,0.9993825,ALERT: Violence Anomaly,Potential violence anomaly detected. Send to security operator for review.
/kaggle/input/datasets/abdulmananraja/real-life-violence-situations/new_violence/violence/3043.jpg,Anomaly,0.8672094,ALERT: Violence Anomaly,Potential violence anomaly detected. Send to security operator for review.
/kaggle/input/datasets/abdulmananraja/real-life-violence-situations/new_violence/non_violence/4721.jpg,Normal,0.7002303,ALERT: Violence Anomaly,Potential violence anomaly detected. Send to security operator for review.
/kaggle/input/datasets/abdulmananraja/real-life-violence-situations/new_violence/violence/1472.jpg,Anomaly,0.99087065,ALERT: Violence Anomaly,Potential violence anomaly detected. Send to security operator for review.
/kaggle/input/datasets/abdulmananraja/real-life-violence-situations/new_violence/violence/3557.jpg,Anomaly,0.9879232,ALERT: Violence Anomaly,Potential violence anomaly detected. Send to security operator for review.
/kaggle/input/datasets/abdulmananraja/real-life-violence-situations/new_violence/violence/4522.jpg,Anomaly,0.90182614,ALERT: Violence Anomaly,Potential violence anomaly detected. Send to security operator for review.
/kaggle/input/datasets/abdulmananraja/real-life-violence-situations/new_violence/violence/5038.jpg,Anomaly,0.9901944,ALERT: Violence Anomaly,Potential violence anomaly detected. Send to security operator for review.
/kaggle/input/datasets/abdulmananraja/real-life-violence-situations/new_violence/violence/3181.jpg,Anomaly,0.98799884,ALERT: Violence Anomaly,Potential violence anomaly detected. Send to security operator for review.
/kaggle/input/datasets/abdulmananraja/real-life-violence-situations/new_violence/violence/1004.jpg,Anomaly,0.9095931,ALERT: Violence Anomaly,Potential violence anomaly detected. Send to security operator for review.
/kaggle/input/datasets/abdulmananraja/real-life-violence-situations/new_violence/violence/879.jpg,Anomaly,0.9723912,ALERT: Violence Anomaly,Potential violence anomaly detected. Send to security operator for review.
/kaggle/input/datasets/abdulmananraja/real-life-violence-situations/new_violence/violence/949.jpg,Anomaly,0.94449276,ALERT: Violence Anomaly,Potential violence anomaly detected. Send to security operator for review.
/kaggle/input/datasets/abdulmananraja/real-life-violence-situations/new_violence/violence/3165.jpg,Anomaly,0.5482799,ALERT: Violence Anomaly,Potential violence anomaly detected. Send to security operator for review.
/kaggle/input/datasets/abdulmananraja/real-life-violence-situations/new_violence/violence/2995.jpg,Anomaly,0.9303656,ALERT: Violence Anomaly,Potential violence anomaly detected. Send to security operator for review.
/kaggle/input/datasets/abdulmananraja/real-life-violence-situations/new_violence/violence/495.jpg,Anomaly,0.90924394,ALERT: Violence Anomaly,Potential violence anomaly detected. Send to security operator for review.
/kaggle/input/datasets/abdulmananraja/real-life-violence-situations/new_violence/violence/290.jpg,Anomaly,0.6729622,ALERT: Violence Anomaly,Potential violence anomaly detected. Send to security operator for review.
/kaggle/input/datasets/abdulmananraja/real-life-violence-situations/new_violence/violence/614.jpg,Anomaly,0.99837685,ALERT: Violence Anomaly,Potential violence anomaly detected. Send to security operator for review.
/kaggle/input/datasets/abdulmananraja/real-life-violence-situations/new_violence/violence/1983.jpg,Anomaly,0.97284293,ALERT: Violence Anomaly,Potential violence anomaly detected. Send to security operator for review.
/kaggle/input/datasets/abdulmananraja/real-life-violence-situations/new_violence/violence/1924.jpg,Anomaly,0.99475974,ALERT: Violence Anomaly,Potential violence anomaly detected. Send to security operator for review.
/kaggle/input/datasets/abdulmananraja/real-life-violence-situations/new_violence/violence/5081.jpg,Anomaly,0.9976069,ALERT: Violence Anomaly,Potential violence anomaly detected. Send to security operator for review.
/kaggle/input/datasets/abdulmananraja/real-life-violence-situations/new_violence/violence/3765.jpg,Anomaly,0.9999217,ALERT: Violence Anomaly,Potential violence anomaly detected. Send to security operator for review.
/kaggle/input/datasets/abdulmananraja/real-life-violence-situations/new_violence/violence/3397.jpg,Anomaly,0.99993134,ALERT: Violence Anomaly,Potential violence anomaly detected. Send to security operator for review.
/kaggle/input/datasets/abdulmananraja/real-life-violence-situations/new_violence/violence/4635.jpg,Anomaly,0.9998783,ALERT: Violence Anomaly,Potential violence anomaly detected. Send to security operator for review.
/kaggle/input/datasets/abdulmananraja/real-life-violence-situations/new_violence/violence/3594.jpg,Anomaly,0.9970874,ALERT: Violence Anomaly,Potential violence anomaly detected. Send to security operator for review.
/kaggle/input/datasets/abdulmananraja/real-life-violence-situations/new_violence/violence/3320.jpg,Anomaly,0.7795075,ALERT: Violence Anomaly,Potential violence anomaly detected. Send to security operator for review.
/kaggle/input/datasets/abdulmananraja/real-life-violence-situations/new_violence/violence/1181.jpg,Anomaly,0.9288718,ALERT: Violence Anomaly,Potential violence anomaly detected. Send to security operator for review.
/kaggle/input/datasets/abdulmananraja/real-life-violence-situations/new_violence/violence/641.jpg,Anomaly,0.9974164,ALERT: Violence Anomaly,Potential violence anomaly detected. Send to security operator for review.
/kaggle/input/datasets/abdulmananraja/real-life-violence-situations/new_violence/violence/2141.jpg,Anomaly,0.9901188,ALERT: Violence Anomaly,Potential violence anomaly detected. Send to security operator for review.
/kaggle/input/datasets/abdulmananraja/real-life-violence-situations/new_violence/violence/3480.jpg,Anomaly,0.9861269,ALERT: Violence Anomaly,Potential violence anomaly detected. Send to security operator for review.
/kaggle/input/datasets/abdulmananraja/real-life-violence-situations/new_violence/violence/3230.jpg,Anomaly,0.98929906,ALERT: Violence Anomaly,Potential violence anomaly detected. Send to security operator for review.
/kaggle/input/datasets/abdulmananraja/real-life-violence-situations/new_violence/violence/1582.jpg,Anomaly,0.9961092,ALERT: Violence Anomaly,Potential violence anomaly detected. Send to security operator for review.
/kaggle/input/datasets/abdulmananraja/real-life-violence-situations/new_violence/violence/4488.jpg,Anomaly,0.91077775,ALERT: Violence Anomaly,Potential violence anomaly detected. Send to security operator for review.
/kaggle/input/datasets/abdulmananraja/real-life-violence-situations/new_violence/violence/274.jpg,Anomaly,0.9680219,ALERT: Violence Anomaly,Potential violence anomaly detected. Send to security operator for review.
/kaggle/input/datasets/abdulmananraja/real-life-violence-situations/new_violence/violence/4081.jpg,Anomaly,0.99732184,ALERT: Violence Anomaly,Potential violence anomaly detected. Send to security operator for review.
/kaggle/input/datasets/abdulmananraja/real-life-violence-situations/new_violence/violence/4492.jpg,Anomaly,0.9995634,ALERT: Violence Anomaly,Potential violence anomaly detected. Send to security operator for review.
/kaggle/input/datasets/abdulmananraja/real-life-violence-situations/new_violence/violence/676.jpg,Anomaly,0.9979937,ALERT: Violence Anomaly,Potential violence anomaly detected. Send to security operator for review.
